Frage;Antwort;Fundstellen im IT-Grundschutz-Kompendium 2023
Was ist der Unterschied zwischen Prozess- und Systembausteinen?;Prozess-Bausteine gelten in der Regel für sämtliche oder große Teile des Informationsverbunds gleichermaßen, System-Bausteine lassen sich in der Regel auf einzelne Objekte oder Gruppen von Objekten anwenden. Die Prozess- und System-Bausteine bestehen wiederum aus weiteren Teilschichten. In den Hinweisen zum Schichtenmodell und zur Modellierung wird beschrieben, wann ein einzelner Baustein sinnvollerweise eingesetzt werden soll und auf welche Zielobjekte er anzuwenden ist. ;"Hinweise zum Schichtenmodell und zur Modellierung
Um einen komplexen Informationsverbund nach IT-Grundschutz zu modellieren, müssen die passenden Bausteine des IT-Grundschutz-Kompendiums ausgewählt und umgesetzt werden. Um die Auswahl zu erleichtern, sind die Bausteine im IT-Grundschutz-Kompendium zunächst in prozess- und systemorientierte Bausteine aufgeteilt. Prozess-Bausteine gelten in der Regel für sämtliche oder große Teile des Informationsverbunds gleichermaßen, System-Bausteine lassen sich in der Regel auf einzelne Objekte oder Gruppen von Objekten anwenden. Die Prozess- und System-Bausteine bestehen wiederum aus weiteren Teilschichten.
In den Hinweisen zum Schichtenmodell und zur Modellierung wird beschrieben, wann ein einzelner Baustein sinnvollerweise eingesetzt werden soll und auf welche Zielobjekte er anzuwenden ist. Außerdem sind die Bausteine danach gekennzeichnet, ob sie vor- oder nachrangig umgesetzt werden sollten."
Welche grundlegenden Sicherheitsmaßnahmen müssen beim Einrichten eines Webservers ergriffen werden?;Nach der Installation eines Webservers muss eine sichere Grundkonfiguration vorgenommen werden. Dazu gehört die Zuweisung des Webserver-Prozesses einem Konto mit minimalen Rechten, die Ausführung in einer gekapselten Umgebung (sofern unterstützt), sowie die Deaktivierung nicht benötigter Module und Funktionen. Ist eine gekapselte Umgebung nicht möglich, sollte jeder Webserver auf einem eigenen physischen oder virtuellen Server laufen. Dem Webserver-Dienst MÜSSEN alle nicht notwendige Schreibberechtigungen entzogen werden. Nicht benötigte Module und Funktionen des Webservers MÜSSEN deaktiviert werden.;"APP.3.2.A1 Sichere Konfiguration eines Webservers (B)
Nachdem der IT-Betrieb einen Webserver installiert hat, MUSS er eine sichere Grundkonfiguration vornehmen. Dazu MUSS er insbesondere den Webserver-Prozess einem Konto mit minimalen Rechten zuweisen. Der Webserver MUSS in einer gekapselten Umgebung ausgeführt werden, sofern dies vom Betriebssystem unterstützt wird. Ist dies nicht möglich, SOLLTE jeder Webserver auf einem eigenen physischen oder virtuellen Server ausgeführt werden. Dem Webserver-Dienst MÜSSEN alle nicht notwendige Schreibberechtigungen entzogen werden.
Nicht benötigte Module und Funktionen des Webservers MÜSSEN deaktiviert werden."
Wie müssen Webserver-Dateien geschützt werden?;Alle Dateien auf dem Webserver, insbesondere Skripte und Konfigurationsdateien, müssen so geschützt werden, dass sie nicht unbefugt gelesen oder verändert werden können. Der Webserver muss so konfiguriert sein, dass er nur Dateien aus dem definierten WWW-Wurzelverzeichnis ausliefert. Nicht benötigte Funktionen zur Verzeichnisaufzählung müssen deaktiviert werden, und vertrauliche Daten dürfen nicht in öffentlichen Verzeichnissen gespeichert werden. Regelmäßige Überprüfungen sind erforderlich.;"APP.3.2.A2 Schutz der Webserver-Dateien (B)
Der IT-Betrieb MUSS alle Dateien auf dem Webserver, insbesondere Skripte und Konfigurationsdateien, so schützen, dass sie nicht unbefugt gelesen und geändert werden können. Es MUSS sichergestellt werden, dass Webanwendungen nur auf einen definierten Verzeichnisbaum
zugreifen können (WWW-Wurzelverzeichnis). Der Webserver MUSS so konfiguriert sein, dass er nur Dateien ausliefert, die sich innerhalb des WWW-Wurzelverzeichnisses befinden.Der IT-Betrieb MUSS alle nicht benötigten Funktionen, die Verzeichnisse auflisten, deaktivieren.
Vertrauliche Daten MÜSSEN vor unberechtigtem Zugriff geschützt werden. Insbesondere MUSS der IT-Betrieb sicherstellen, dass vertrauliche Dateien nicht in öffentlichen Verzeichnissen des Webservers liegen. Der IT-Betrieb MUSS regelmäßig überprüfen, ob vertrauliche Dateien in öffentlichen Verzeichnissen gespeichert wurden."
Welche Sicherheitsanforderungen gelten für Datei-Uploads und -Downloads über einen Webserver?;Alle mithilfe des Webservers veröffentlichten Dateien müssen vorher auf Schadsoftware geprüft werden. Es muss eine Maximalgröße für Datei-Uploads festgelegt und ausreichend Speicherplatz reserviert sein.;"APP.3.2.A3 Absicherung von Datei-Uploads und -Downloads (B)
Alle mithilfe des Webservers veröffentlichten Dateien MÜSSEN vorher auf Schadprogramme geprüft werden. Es MUSS eine Maximalgröße für Datei-Uploads spezifiziert sein. Für Uploads MUSS genügend Speicherplatz reserviert werden."
Welche Ereignisse müssen auf einem Webserver protokolliert werden?;Der Webserver muss mindestens folgende Ereignisse protokollieren: erfolgreiche Zugriffe auf Ressourcen, fehlgeschlagene Zugriffe aufgrund von Berechtigungsproblemen, nicht vorhandenen Ressourcen oder Server-Fehlern sowie allgemeine Fehlermeldungen. Die Protokollierungsdaten sollten regelmäßig ausgewertet werden.;"APP.3.2.A4 Protokollierung von Ereignissen (B)
Der Webserver MUSS mindestens folgende Ereignisse protokollieren:
•erfolgreiche Zugriffe auf Ressourcen,
•fehlgeschlagene Zugriffe auf Ressourcen aufgrund von mangelnder Berechtigung, nicht vorhandenen Ressourcen und Server-Fehlern sowie
•allgemeine Fehlermeldungen.
Die Protokollierungsdaten SOLLTEN regelmäßig ausgewertet werden."
Wie müssen Passwörter bei der Authentisierung am Webserver gesichert werden?;Wenn Clients sich mit Passwörtern am Webserver authentisieren, müssen diese kryptografisch gesichert und vor unbefugtem Zugriff geschützt gespeichert werden.;"APP.3.2.A5 Authentisierung (B)
Wenn sich Clients mit Hilfe von Passwörtern am Webserver authentisieren, MÜSSEN diese kryptografisch gesichert und vor unbefugtem Zugriff geschützt gespeichert werden."
Welche Anforderungen gelten an die Verschlüsselung von Verbindungen zu Webservern?;Der Webserver muss für alle Verbindungen durch nicht vertrauenswürdige Netze eine sichere Verschlüsselung über TLS (HTTPS) anbieten. Veraltete Verfahren wie SSL oder RC4 sollten nur in Ausnahmefällen verwendet und auf ein Minimum beschränkt werden. Bei Nutzung von HTTPS dürfen keine Inhalte über HTTP geliefert werden (kein Mixed Content).;"APP.3.2.A11 Verschlüsselung über TLS (B)
Der Webserver MUSS für alle Verbindungen durch nicht vertrauenswürdige Netze eine sichere Verschlüsselung über TLS anbieten (HTTPS). Falls es aus Kompatibilitätsgründen erforderlich ist, veraltete Verfahren zu verwenden, SOLLTEN diese auf so wenige Fälle wie möglich beschränkt werden. Wenn eine HTTPS-Verbindung genutzt wird, MÜSSEN alle Inhalte über HTTPS ausgeliefert werden. Sogenannter Mixed Content DARF NICHT verwendet werden."
Welche Maßnahmen sollten bei der Planung des Einsatzes eines Webservers berücksichtigt werden?;Es sollte geplant und dokumentiert werden, für welchen Zweck der Webserver eingesetzt wird, welche Inhalte er bereitstellt und welche Zielgruppen adressiert werden. Zudem sollten geeignete Zuständige für den technischen Betrieb und die Webinhalte festgelegt werden.;"APP.3.2.A8 Planung des Einsatzes eines Webservers (S)
Es SOLLTE geplant und dokumentiert werden, für welchen Zweck der Webserver eingesetzt und welche Inhalte er bereitstellen soll. In der Dokumentation SOLLTEN auch die Informationen oder Dienstleistungen des Webangebots und die jeweiligen Zielgruppen beschrieben werden. Für den technischen Betrieb und die Webinhalte SOLLTEN geeignete Zuständige festgelegt werden."
Was ist bei der Auswahl eines externen Webhosters zu beachten?;Bei der Nutzung externer Webhosting-Dienste sollte vertraglich geregelt werden, wie die Dienste erbracht werden. Sicherheitsaspekte müssen im Service Level Agreement (SLA) festgehalten werden. Der Webhoster sollte regelmäßig Kontrollen und Wartungen durchführen und bei technischen Problemen oder Kompromittierungen zeitnah reagieren. Er muss grundlegende technische und organisatorische Sicherheitsmaßnahmen umsetzen.;"APP.3.2.A10 Auswahl eines geeigneten Webhosters (S)
Betreibt die Institution den Webserver nicht selbst, sondern nutzt Angebote externer Unternehmen im Rahmen von Webhosting, SOLLTE die Institution bei der Auswahl eines geeigneten Webhosters auf folgende Punkte achten:
•Es SOLLTE vertraglich geregelt werden, wie die Dienste zu erbringen sind. Dabei SOLLTEN Sicherheitsaspekte innerhalb des Vertrags schriftlich in einem Service Level Agreement (SLA) festgehalten werden.
•Die eingesetzten IT-Systeme SOLLTEN vom Webhoster regelmäßig kontrolliert und gewartet werden. Der Webhoster SOLLTE dazu verpflichtet werden, bei technischen Problemen oder einer Kompromittierung von Kundschaftssystemen zeitnah zu reagieren.
•Der Webhoster SOLLTE grundlegende technische und organisatorische Maßnahmen umsetzen, um seinen Informationsverbund zu schützen."
Wie sollten Fehlermeldungen auf einem Webserver gestaltet sein?;Aus HTTP-Antworten und Fehlermeldungen dürfen weder der Produktname noch die verwendete Version des Webservers ersichtlich sein. Fehlermeldungen dürfen keine Details zu Systeminformationen oder Konfigurationen enthalten. Stattdessen sollten allgemeine Fehlermeldungen ausgegeben werden, die einen eindeutigen Hinweis für die Nachvollziehbarkeit durch den IT-Betrieb enthalten. Bei unerwarteten Fehlern darf der Webserver nicht in einem anfälligen Zustand verbleiben.;"APP.3.2.A12 Geeigneter Umgang mit Fehlern und Fehlermeldungen (S)
Aus den HTTP-Informationen und den angezeigten Fehlermeldungen SOLLTEN weder der Produktname noch die verwendete Version des Webservers ersichtlich sein. Fehlermeldungen SOLLTEN keine Details zu Systeminformationen oder Konfigurationen ausgeben. Der IT-Betrieb SOLLTE sicherstellen, dass der Webserver ausschließlich allgemeine Fehlermeldungen ausgibt, die Clients darauf hinweisen, dass ein Fehler aufgetreten ist. Die Fehlermeldung SOLLTE ein eindeutiges Merkmal enthalten, das es dem IT-Betrieb ermöglicht, den Fehler nachzuvollziehen. Bei unerwarteten Fehlern SOLLTE sichergestellt sein, dass der Webserver nicht in einem Zustand verbleibt, in dem er anfällig für Angriffe ist."
Welche Maßnahmen sind bei erhöhtem Schutzbedarf für Webserver sinnvoll?;Bei erhöhtem Schutzbedarf sollten Webserver redundant ausgelegt werden, einschließlich redundanter Internetanbindung und ggf. weiterer Systeme wie Webanwendungsserver. Zudem sollten Maßnahmen zur Absicherung gegen DDoS-Angriffe definiert und umgesetzt werden, sowie eine ständige Überwachung des Webserver-Betriebs erfolgen.;"3.3. Anforderungen bei erhöhtem Schutzbedarf
Im Folgenden sind für diesen Baustein exemplarische Vorschläge für Anforderungen aufgeführt, die über dasjenige Schutzniveau hinausgehen, das dem Stand der Technik entspricht. Die Vorschläge SOLLTEN bei erhöhtem Schutzbedarf in Betracht gezogen werden. Die konkrete Festlegung erfolgt im Rahmen einer individuellen Risikoanalyse.
APP.3.2.A15 Redundanz (H) 
Webserver SOLLTEN redundant ausgelegt werden. Auch die Internetanbindung des Webservers und weiterer IT-Systeme, wie etwa der Webanwendungsserver, SOLLTEN redundant ausgelegt sein.
APP.3.2.A17 ENTFALLEN (H)
Diese Anforderung ist entfallen.
APP.3.2.A18 Schutz vor Denial-of-Service-Angriffen (H)
Der Webserver SOLLTE ständig überwacht werden. Des Weiteren SOLLTEN Maßnahmen definiert und umgesetzt werden, die DDoS-Angriffe verhindern oder zumindest abschwächen.
APP.3.2.A19 ENTFALLEN (H)
Diese Anforderung ist entfallen."
Wer trägt die Verantwortung für Informationssicherheit beim Outsourcing?;Die Verantwortung für Informationssicherheit verbleibt vollständig bei der auslagernden Institution.;"OPS.2.3, Kap. 1.1
1.1. Einleitung
Beim Outsourcing lagern Institutionen (Nutzende von Outsourcing) Geschäftsprozesse oder Tätigkeiten ganz oder teilweise zu einem oder mehreren externen  Dienstleistungsunternehmen (Anbietende von Outsourcing) aus. Diese sogenannten Anbietenden von Outsourcing betreiben im Rahmen des vereinbarten Outsourcing-Verhältnisses die Geschäftsprozesse oder Tätigkeiten nach festgelegten Kriterien. Allerdings verbleibt die Verantwortung aus Sicht der Informationssicherheit stets bei der auslagernden Institution."
Welche Prozesse dürfen grundsätzlich ausgelagert werden?;"Nur Prozesse, die risikoorientiert bewertet wurden; institutionskritische Prozesse sollen nicht unreflektiert ausgelagert werden.";"OPS.2.3.A2 Verfolgung eines risikoorientierten Ansatzes im
Auslagerungsmanagement (B)
Für Prozesse, die potenziell ausgelagert werden sollen, MUSS risikoorientiert betrachtet und entschieden werden, ob diese ausgelagert werden können. Für diese Bewertung SOLLTEN die Anforderungsprofile als Grundlage genutzt werden. Wenn der Prozess ausgelagert wird, SOLLTE das Resultat im Auslagerungsregister abgelegt werden. Um Änderungen an Prozessen oder der Gefährdungslage zu berücksichtigen, MÜSSEN in regelmäßigen Abständen sowie anlassbezogen die ausgelagerten Prozesse erneut risikoorientiert betrachtet werden."
Welche Mindestanforderungen gelten für Outsourcing-Verträge?;Verträge müssen u. a. Informationssicherheit, Auditrechte und Zustimmung bei Weiterverlagerungen regeln. Die Grundanforderungen MÜSSEN in Vereinbarungen und Verträgen einheitlich umgesetzt werden.;"OPS.2.3.A4 Grundanforderungen an Verträge mit Anbietenden von
Outsourcing (B)
Einheitliche Grundanforderungen an Outsourcing-Verträge MÜSSEN entwickelt werden. Diese Grundanforderungen MÜSSEN Aspekte der Informationssicherheit, einen Zustimmungsvorbehalt bei Weiterverlagerungen sowie ein Recht auf Prüfung, Revision und Audit beinhalten. Bei der Entwicklung der Grundanforderungen SOLLTEN die Resultate der risikoorientierten Betrachtung sowie Eignungsanforderungen an Anbietende von Outsourcing mit einfließen. Mit den Anbietenden von Outsourcing SOLLTE eine Verschwiegenheitserklärung zum Schutz von sensiblen Daten vereinbart werden. Die Grundanforderungen MÜSSEN in Vereinbarungen und Verträgen einheitlich umgesetzt werden. Auf Basis der Grundanforderungen SOLLTE eine einheitliche Vertragsvorlage erstellt und für alle Outsourcing-Vorhaben genutzt werden."
Muss ich ein Sicherheitskonzept für jedes Outsourcing-Vorhaben erstellen?;Ja, für jedes Vorhaben ist ein Sicherheitskonzept auf Basis der relevanten IT-Grundschutz-Anforderungen zu erstellen.;"OPS.2.3.A6 Festlegung von Sicherheitsanforderungen und Erstellung eines Sicherheitskonzeptes für das Outsourcing-Vorhaben (B)
Mit den Anbietenden von Outsourcing MUSS vertraglich vereinbart werden, dass IT-Grundschutz umgesetzt oder mindestens die Anforderungen aus den relevanten Bausteinen geeignet erfüllt werden. Darüber hinaus SOLLTE mit den Anbietenden von Outsourcing vereinbart werden, dass sie ein Managementsystem für Informationssicherheit (ISMS) etablieren. Die Nutzenden von Outsourcing
MÜSSEN für jedes Outsourcing-Vorhaben ein Sicherheitskonzept basierend auf den sich aus dem IT- Grundschutz ergebenen Sicherheitsanforderungen erstellen. Dabei MUSS das Sicherheitskonzept der Nutzenden mit den Anbietenden von Outsourcing abgestimmt werden. Ebenso SOLLTE jeder Anbietende ein individuelles Sicherheitskonzept für das jeweilige Outsourcing-Vorhaben vorlegen. Das
Sicherheitskonzept der Anbietenden von Outsourcing und dessen Umsetzung SOLLTE zu einem gesamten Sicherheitskonzept zusammengeführt werden. Wenn Risikoanalysen notwendig sind, MÜSSEN Vereinbarungen getroffen werden, wie die Risikoanalyse geprüft und gegebenenfalls in das eigene Risikomanagement überführt werden kann. Die Nutzenden von Outsourcing oder unabhängige Dritte MÜSSEN regelmäßig überprüfen, ob das Sicherheitskonzept wirksam ist."
Wie gehe ich mit Sub-Dienstleistern um?;"Weiterverlagerungen dürfen nur mit Zustimmung erfolgen; Anforderungen gelten auch für Sub-Dienstleister.";"2.8. Kontroll- und Steuerverlust durch Weiterverlagerungen
Teile von Geschäftsprozessen oder Tätigkeiten werden von Anbietenden von Outsourcing unter Umständen vollständig oder partiell an Sub-Dienstleistende weitergegeben. Da durch die zusätzlichen Beteiligten der Outsourcing-Prozess komplexer wird, wird dieser für die Nutzenden von Outsourcing intransparenter. Durch diese fehlende Transparenz können die Nutzenden von Outsourcing die ausgelagerten Prozesse nicht mehr angemessen kontrollieren und steuern. Darüber hinaus können
Anbietende von Outsourcing versäumen, dass von Nutzenden von Outsourcing  eforderte Mindestniveau der Informationssicherheit vom Sub-Dienstleistenden einzufordern. Eine Folge ist, dass unter Umständen die vereinbarten informationstechnischen Sicherheitsaspekte von den Sub-Dienstleistenden nicht vollständig umgesetzt werden."
Welche Rolle spielt Mandantenfähigkeit?;Die sichere Trennung von Daten und Verarbeitungskontexten muss vertraglich vereinbart werden.;"OPS.2.3.A5 Vereinbarung der Mandantenfähigkeit (B)
In einer Vereinbarung zur Mandantenfähigkeit mit den Anbietenden von Outsourcing MUSS sichergestellt werden, dass die Daten und Verarbeitungskontexte durch den Anbietenden von Outsourcing ausreichend sicher getrennt sind. In dieser Vereinbarung SOLLTE ein Mandantentrennungskonzept von den Anbietenden von Outsourcing gefordert werden. Das Mandantentrennungskonzept SOLLTE zwischen mandantenabhängigen und mandantenübergreifenden Daten und Objekten unterscheiden und darlegen, mit welchen Mechanismen die Anbietenden von Outsourcing trennen."
Was ist bei der Beendigung eines Outsourcing-Verhältnisses zu regeln?;Rückgabe/Löschung von Daten, Aufhebung von Zugriffsrechten und Beachtung gesetzlicher Aufbewahrungspflichten.;"OPS.2.3.A7 Regelungen für eine geplante oder ungeplante Beendigung eines Outsourcing-Verhältnisses (B) [Fachverantwortliche, Institutionsleitung]
Für geplante sowie ungeplante Beendigungen des Outsourcing-Verhältnisses MÜSSEN Regelungen getroffen werden. Es MUSS festgelegt werden, wie alle Informationen, Daten und Hardware der Nutzenden vom Anbietenden von Outsourcing zurückgegeben werden. Hierbei MÜSSEN gesetzliche Vorgaben zur Aufbewahrung von Daten beachtet werden. Ferner SOLLTE überprüft werden, ob die Zugangs-, Zutritts- und Zugriffsrechte für die Anbietenden von Outsourcing mit der Beendigung des Outsourcing-Verhältnisses aufgehoben wurden."
Muss es eine zentrale Stelle für Outsourcing geben?;Für Standard-Absicherung sollte eine zuständige Person für das Auslagerungsmanagement benannt werden.;"OPS.2.3.A10 Etablierung einer zuständigen Person für das Auslagerungsmanagement (S) [Personalabteilung]
Die verschiedenen Outsourcing-Vorhaben SOLLTEN durch eine zuständige Person für das Auslagerungsmanagement verwaltet werden. Die zuständige Person SOLLTE ernannt und die Befugnisse festgelegt und dokumentiert werden. Die zuständige Person SOLLTE als Schnittstelle in der Kommunikation zwischen den Nutzenden und Anbietenden von Outsourcing eingesetzt werden. Darüber hinaus SOLLTE die zuständige Person Berichte über das Outsourcing in regelmäßigen Abständen und anlassbezogen anfertigen und der Institutionsleitung übergeben. In der Vertragsgestaltung SOLLTE die zuständige Person einbezogen werden. Die zuständige Person SOLLTE ein angemessenes Kontingent von Arbeitstagen für die Aufgaben des Auslagerungsmanagements eingeräumt bekommen. Darüber hinaus SOLLTE die zuständige Person hinsichtlich Informationssicherheit geschult und sensibilisiert sein."
Wie wird die laufende Kontrolle von Dienstleistern sichergestellt?;Durch KPIs, Auslagerungsregister, regelmäßige Berichte und Audits.;"OPS.2.3.A11 Führung eines Auslagerungsregisters (S)
Die zuständige Person für das Auslagerungsmanagement SOLLTE ein Auslagerungsregister erstellen und pflegen, dass die Dokumentation der Outsourcing-Prozesse und Vorhaben in der Institution zentralisiert. Dieses SOLLTE auf der Basis der Anforderungsprofile erstellt werden und Informationen zu den Anbietenden von Outsourcing, Leistungskennzahlen, Kritikalität des Prozesses, abgeschlossene Verträgen und Vereinbarungen sowie Änderungen enthalten. Änderungen am Auslagerungsregister SOLLTEN geeignet nachgehalten werden.

OPS.2.3.A12 Erstellung von Auslagerungsberichten (S)
Die zuständige Person für das Auslagerungsmanagement SOLLTE regelmäßig interne Auslagerungsberichte auf Basis des Auslagerungsregisters erstellen. Diese Auslagerungsberichte SOLLTEN den aktuellen Status des Outsourcing-Vorhabens mit allgemeinen Problemen und Risiken sowie Aspekte der Informationssicherheit enthalten. Der Auslagerungsbericht SOLLTE der Institutionsleitung vorgelegt werden.

OPS.2.3.A16 Prüfung der Anbietenden von Outsourcing (S)
Die Anbietenden von Outsourcing SOLLTEN hinsichtlich der vertraglich festgelegten Sicherheitsanforderungen überprüft und die Resultate dokumentiert werden. Die Anbietenden von Outsourcing sind in regelmäßigen Abständen und anlassbezogen zu auditieren."
Wie ist Outsourcing im Notfallmanagement zu berücksichtigen?;Anbietende sind in Notfallkonzepte einzubinden und gemeinsame Pläne abzustimmen. Es sollte gemeinsame Not- und Krisenfallpläne geben und entsprechende Übungen durchgeführt werden.;"OPS.2.3.A20 Etablierung sowie Einbeziehung von Anbietenden von Outsourcing im Notfallkonzept (S) [Notfallbeauftragte]
Ein Notfallkonzept SOLLTE in der Institution etabliert sein. Dies SOLLTE auf der Basis einer Business- Impact-Analyse basieren und die Abhängigkeiten der ausgelagerten Prozesse mit den intern verbliebenen Prozessen berücksichtigen. Das Notfallkonzept SOLLTE den Anbietenden von Outsourcing in seiner Notfallvorsorge und -bewältigung berücksichtigen und mit diesem abgestimmt sein. Dabei SOLLTEN die Schnittstellen zu Anbietenden von Outsourcing mit Verantwortlichen benannt und besetzt werden, um einen Informationsaustausch sowie eine effektive Kollaboration in einer Not- oder Krisensituation zu ermöglichen. Gemeinsame Not- und Krisenfallpläne SOLLTEN für eine Störung oder einen Ausfall der Anbietenden von Outsourcing erstellt werden. Standardisierte Protokolle und Berichte SOLLTEN zur Meldung von Sicherheitsvorfällen etabliert werden."
Welche Risiken entstehen durch eine unzureichende Outsourcing-Strategie?;Eine fehlende oder unzureichende Strategie kann dazu führen, dass Informationssicherheit im gesamten Outsourcing-Lebenszyklus nicht angemessen berücksichtigt wird. Dadurch können Prozesse beeinträchtigt werden,ausfallen oder Informationen an unbefugte Dritte abfließen.;"2.1. Unzureichende Strategie für das Outsourcing
Eine unzureichende Strategie führt dazu, dass die Informationssicherheit in Outsourcing-Vorhaben nicht angemessen berücksichtigt wird. Hierdurch wird die Informationssicherheit nicht angemessen in den einzelnen Phasen des Outsourcing-Lebenszyklus beachtet und somit kein ausreichendes Niveau der Informationssicherheit in der eigenen Institution sowie bei Anbietenden von Outsourcing angestrebt und umgesetzt. Dadurch können Prozesse beeinträchtigt, ausfallen und Informationen an unbefugte Dritte abfließen."
Warum ist Abhängigkeit von Outsourcing-Anbietenden kritisch?;Abhängigkeiten können zu Wissensverlust, Kontrollverlust und falscher Einschätzung des Schutzbedarfs führen, mit Risiken für Sicherheit und Wirtschaftlichkeit. ;"2.3. Abhängigkeit von Anbietenden von Outsourcing
Entscheidet sich eine Institution für Outsourcing, macht sie sich damit auch von Anbietenden von Outsourcing abhängig. Mit dieser Abhängigkeit kann Wissen verloren gehen und die ausgelagerten Prozesse können nicht mehr vollständig kontrolliert werden. Außerdem könnte der Schutzbedarf der ausgelagerten Geschäftsprozesse und Informationen unterschiedlich eingeschätzt werden. Dies kann dazu führen, dass für den Schutzbedarf entsprechend ungeeignete Sicherheitsmaßnahmen umgesetzt werden. Häufig lagern Institutionen gesamte Geschäftsprozesse an Anbietende von Outsourcing aus. Die Anbietenden von Outsourcing können dadurch die Geschäftsprozesse mit schutzbedürftigen Informationen, Ressourcen und IT-Systemen vollständig kontrollieren. Gleichzeitig nimmt das Wissen über diese Bereiche bei Nutzenden von Outsourcing ab. Als Folge ist es möglich, dass die Nutzenden von Outsourcing Defizite der Informationssicherheit nicht mehr bemerken. Diese Situation könnte von Anbietenden von Outsourcing ausgenutzt werden, z. B. indem sie drastisch die Preise erhöhen oder die Qualität der Dienstleistungen abnimmt."
Welche Risiken entstehen durch unzulängliche vertragliche Regelungen beim Outsourcing?;Unzulängliche Verträge können zu schwerwiegenden Sicherheitslücken führen, etwa durch unklare Leistungen, fehlende Sicherheitsanforderungen oder nicht erfüllte regulatorische Pflichten.;"2.6. Unzulängliche vertragliche Regelungen mit Anbietenden von Outsourcing
Unzulängliche vertragliche Regelungen mit den Anbietenden von Outsourcing können zu Schwachstellen in der Informationssicherheit entlang des gesamten Outsourcing-Lebenszyklus führen. Die vertraglichen Regelungen definieren den gesamten Outsourcing-Prozess und stellen den Ausgangspunkt für Ansprüche der Nutzenden gegenüber den Anbietenden von Outsourcing dar. Aufgrund von unzulänglichen vertraglichen Regelungen mit den Anbietenden von Outsourcing können vielfältige und auch schwerwiegende Sicherheitsprobleme auftreten. Wenn Aufgaben, Leistungsparameter oder Aufwände ungenügend oder missverständlich beschrieben wurden, können möglicherweise aus Unkenntnis oder wegen fehlender Ressourcen Sicherheitsmaßnahmen nicht umgesetzt werden. Dies kann viele negative Auswirkungen nach sich ziehen, etwa, wenn regulatorische Anforderungen und Pflichten nicht erfüllt oder Auskunftspflichten und Gesetze nicht eingehalten werden. Wird bei der Vertragsgestaltung der Aspekt der  Informationssicherheit nicht berücksichtigt, so können Prozesse und Daten der Nutzenden von Outsourcing unzureichend abgesichert werden."
Welche Risiken bestehen für die Reputation einer Organisation durch einen erfolgreichen Webserver-Angriff?;Bei einem erfolgreichen Angriff auf einen Webserver mit administrativen Rechten kann eine manipulierte Webseite ausgeliefert werden (Defacement), was die Reputation der Institution schädigt. Auch die Veröffentlichung falscher Informationen oder die Bereitstellung rechtswidriger Inhalte kann zu öffentlichen Schäden, Abmahnungen oder Kundenverlust führen, insbesondere wenn die Webseite nicht verfügbar ist.;"2.1. Reputationsverlust
Gelingt es bei einem Angriff mit administrativen Rechten auf einen Webserver zuzugreifen, kann darüber eine manipulierte Webseite ausgeliefert werden (Defacement). So kann die Reputation der Institution geschädigt werden. Ebenso kann die Veröffentlichung falscher Informationen, wie zum Beispiel fehlerhafter Produktbeschreibungen, dazu führen, dass die Reputation der Institution in der Öffentlichkeit leidet. Auch kann die Institution abgemahnt werden, wenn auf ihrer Webseite Inhalte veröffentlicht werden, die gegen gesetzliche Vorschriften verstoßen. Ein Schaden kann auch entstehen, wenn die Webseite nicht verfügbar ist und potenzielle Kunden und Kundinnen deshalb zu Mitbewerbern wechseln."
Wie kann ein Angriff auf einen Webserver zur Manipulation von Inhalten führen?;Bei einem unbefugten Zugriff können Angreifer die Konfiguration des Webservers ändern, Schadsoftware verbreiten oder Webinhalte manipulieren. Dies kann zu einer Verfälschung von Informationen, zur Auslieferung von schädlichen Inhalten oder zur Beeinträchtigung der Integrität des Webangebots führen.;"2.2. Manipulation des Webservers
Bei einem Angriff könnten sich unberechtigte Personen Zugriff auf einen Webserver verschaffen und dessen Dateien manipulieren. Es könnte beispielsweise die Konfiguration der Webserver-Software geändert werden, Schadsoftware verbreitet oder Webinhalte modifiziert werden."
Welche Auswirkungen haben Denial-of-Service (DoS)-Angriffe auf einen Webserver?;DoS- und DDoS-Angriffe können die Verfügbarkeit eines Webangebots erheblich beeinträchtigen. Durch Überlastung kann der Webserver teilweise oder vollständig außer Betrieb gehen, wodurch Clients das Angebot nicht mehr nutzen können. Für geschäftskritische Angebote wie Online-Shops kann ein solcher Ausfall schnell zu erheblichen wirtschaftlichen Schäden führen.;"2.3. Denial of Service (DoS)
Durch DoS-Angriffe lässt sich die Verfügbarkeit eines Webangebotes gezielt beeinträchtigen, indem beispielsweise einzelne Accounts durch fehlerhafte Anmeldungen gesperrt werden. Durch DDoS (Distributed Denial of Service)-Angriffe kann ein Webserver teilweise oder auch ganz ausfallen. Für Clients ist das Webangebot dann nur noch sehr langsam oder gar nicht mehr verfügbar. Für viele Institutionen kann ein solcher Ausfall schnell geschäftskritisch werden, z. B. für Online-Shops."
Wer trägt die Gesamtverantwortung für Informationssicherheit in der Institution?;Die Institutionsleitung MUSS die Gesamtverantwortung für Informationssicherheit übernehmen. Sie muss den Sicherheitsprozess initiieren, steuern und kontrollieren sowie Informationssicherheit vorleben.;"ISMS.1.A1 Übernahme der Gesamtverantwortung für Informationssicherheit  durch die Leitung (B) [Institutionsleitung]  
Die Institutionsleitung MUSS die Gesamtverantwortung für Informationssicherheit in der Institution  übernehmen. Dies MUSS für alle Beteiligten deutlich erkennbar sein. Die Institutionsleitung MUSS den Sicherheitsprozess initiieren, steuern und kontrollieren. Die Institutionsleitung MUSS Informationssicherheit vorleben. Die Institutionsleitung MUSS die Zuständigkeiten für Informationssicherheit festlegen. Die zuständigen Mitarbeitenden MÜSSEN mit den erforderlichen Kompetenzen und Ressourcen ausgestattet werden. Die Institutionsleitung MUSS sich regelmäßig über den Status der Informationssicherheit informieren lassen. Insbesondere MUSS sich die Institutionsleitung über mögliche Risiken und Konsequenzen aufgrund fehlender Sicherheitsmaßnahmen informieren lassen. "
Was muss eine Leitlinie zur Informationssicherheit enthalten?;Die Leitlinie muss den Stellenwert der Informationssicherheit, die Sicherheitsziele, die wichtigsten Aspekte der Sicherheitsstrategie sowie die Organisationsstruktur für Informationssicherheit beschreiben. Außerdem muss ein klarer Geltungsbereich festgelegt und der Bezug zu den Geschäftszielen erläutert werden.;"ISMS.1.A3 Erstellung einer Leitlinie zur Informationssicherheit (B) [Institutionsleitung]  
Die Institutionsleitung MUSS eine übergeordnete Leitlinie zur Informationssicherheit verabschieden. Diese MUSS den Stellenwert der Informationssicherheit, die Sicherheitsziele, die wichtigsten Aspekte der Sicherheitsstrategie sowie die Organisationsstruktur für nformationssicherheit beschreiben. Für die Sicherheitsleitlinie MUSS ein klarer Geltungsbereich festgelegt sein. In der Leitlinie zur Informationssicherheit MÜSSEN die Sicherheitsziele und der Bezug der Sicherheitsziele zu den Geschäftszielen und Aufgaben der Institution erläutert erden. Die Institutionsleitung MUSS die Leitlinie zur Informationssicherheit allen Mitarbeitenden und sonstigen Mitgliedern der Institution bekannt geben. Die Leitlinie zur Informationssicherheit SOLLTE regelmäßig aktualisiert werden. "
Welche Rolle hat der oder die Informationssicherheitsbeauftragte (ISB)?;Der oder die ISB muss die Informationssicherheit in der Institution fördern und den Sicherheitsprozess mitsteuern und koordinieren. Er/sie muss bei allen größeren Projekten sowie bei der Einführung neuer Anwendungen und IT-Systeme frühzeitig beteiligt werden.;"ISMS.1.A4 Benennung eines oder einer Informationssicherheitsbeauftragten (B) [Institutionsleitung]  
Die Institutionsleitung MUSS einen oder eine ISB benennen. Der oder die ISB MUSS die Informationssicherheit in der Institution fördern und den Sicherheitsprozess mitsteuern und koordinieren. Die Institutionsleitung MUSS den oder die ISB mit angemessenen Ressourcen ausstatten. Die Institutionsleitung MUSS dem oder der ISB die Möglichkeit einräumen, bei Bedarf direkt an sie selbst zu berichten. Der oder die ISB MUSS bei allen größeren Projekten sowie bei der Einführung neuer Anwendungen und IT-Systeme frühzeitig beteiligt werden."
Welche Gefahr besteht, wenn die Institutionsleitung den Sicherheitsprozess nicht ausreichend unterstützt?;Ohne uneingeschränkte Unterstützung durch die Institutionsleitung können Sicherheitsverantwortliche Schwierigkeiten haben, notwendige Maßnahmen einzufordern, insbesondere bei Personen, die in der Linienstruktur über ihnen stehen. Der Sicherheitsprozess ist dann nicht vollständig durchführbar.;"ISMS.1 Gefährdungslage Kap.2.2
2.2. Mangelnde Unterstützung durch die Institutionsleitung 
Werden die Sicherheitsverantwortlichen nicht uneingeschränkt durch die Institutionsleitung  unterstützt, kann es schwierig werden, die notwendigen Maßnahmen einzufordern. Dies gilt insbesondere für Personen, die in der Linienstruktur über den Sicherheitsverantwortlichen stehen. In diesem Fall ist der Sicherheitsprozess nicht vollständig durchführbar."
Wie oft sollte das Sicherheitskonzept überprüft werden?;Der Sicherheitsprozess, die Sicherheitskonzepte und die Organisationsstruktur sollten regelmäßig auf Wirksamkeit und Angemessenheit überprüft werden. Überprüfungen des Sicherheitsniveaus sollten mindestens jährlich sowie anlassbezogen durchgeführt werden.;"ISMS.1.A11 Aufrechterhaltung der Informationssicherheit (S) 
Der Sicherheitsprozess, die Sicherheitskonzepte, die Leitlinie zur Informationssicherheit und die  Organisationsstruktur für Informationssicherheit SOLLTEN regelmäßig auf Wirksamkeit und  Angemessenheit überprüft und aktualisiert werden. Dazu SOLLTEN regelmäßig Vollständigkeits- bzw. Aktualisierungsprüfungen des Sicherheitskonzeptes durchgeführt werden. Ebenso SOLLTEN regelmäßig Sicherheitsrevisionen durchgeführt werden. Dazu SOLLTE geregelt sein, welche Bereiche und Sicherheitsmaßnahmen wann und von wem zu überprüfen sind. Überprüfungen des Sicherheitsniveaus SOLLTEN regelmäßig (mindestens jährlich) sowie anlassbezogen durchgeführt werden. Die Prüfungen SOLLTEN von qualifizierten und unabhängigen Personen durchgeführt werden. Die Ergebnisse der Überprüfungen SOLLTEN nachvollziehbar dokumentiert sein. Darauf aufbauend SOLLTEN Mängel beseitigt und Korrekturmaßnahmen ergriffen werden. "
Was kann passieren, wenn gegen gesetzliche Regelungen verstoßen wird?;Wenn Informationen und IT-Systeme unzureichend abgesichert sind, kann gegen Rechtsvorschriften zur Informationsverarbeitung oder bestehende Verträge verstoßen werden. Dies kann rechtliche Konsequenzen, Vertragsstrafen, Vertragsauflösungen oder den Verlust von Geschäftsbeziehungen nach sich ziehen.;"ISMS.1 Gefährdungslage Kap. 2.7
2.7. Verstoß gegen gesetzliche Regelungen und vertragliche Vereinbarungen 
Wenn Informationen, Geschäftsprozesse und IT-Systeme einer Institution unzureichend abgesichert sind, beispielsweise durch ein unzureichendes Sicherheitsmanagement, kann gegen Rechtsvorschriften mit Bezug zur Informationsverarbeitung oder gegen bestehende Verträge mit Geschäftspartnern und -partnerinnen verstoßen werden. Welche Gesetze jeweils zu beachten sind, hängt von der Art der Institution beziehungsweise ihrer Geschäftsprozesse und Dienstleistungen ab. Je nachdem, wo sich die Standorte einer Institution befinden, können auch verschiedene nationale und internationale Vorschriften zu beachten sein. Verfügt eine Institution über unzureichende Kenntnisse hinsichtlich internationaler Gesetzesvorgaben, z. B. zu Datenschutz, Informationspflicht, Insolvenzrecht, Haftung oder Informationszugriff für Dritte, erhöht dies das Risiko entsprechender Verstöße. Dann drohen rechtliche Konsequenzen. In vielen Branchen ist es üblich, dass Anwendende ihre Zuliefer- und Dienstleistungsunternehmen dazu verpflichten, bestimmte Qualitäts- und Sicherheitsstandards einzuhalten. Verstößt ein 
Vertragspartner oder -partnerin gegen vertraglich geregelte Sicherheitsanforderungen, kann dies Vertragsstrafen, Vertragsauflösungen oder sogar den Verlust von Geschäftsbeziehungen nach sich ziehen. "
Wie müssen Mitarbeitende in den Sicherheitsprozess integriert werden?;Alle Mitarbeitenden müssen über Hintergründe und relevante Gefährdungen informiert sein. Sie müssen Sicherheitsmaßnahmen kennen und umsetzen, die ihren Arbeitsplatz betreffen. Sie sollten frühzeitig beteiligt werden, wenn Sicherheitsmaßnahmen zu planen sind, und müssen über Konsequenzen bei Verstößen aufgeklärt werden.;"ISMS.1.A8 Integration der Mitarbeitenden in den Sicherheitsprozess (B) [Vorgesetzte]  
Alle Mitarbeitenden MÜSSEN in den Sicherheitsprozess integriert sein. Hierfür MÜSSEN sie über Hintergründe und die für sie relevanten Gefährdungen informiert sein. Sie MÜSSEN Sicherheitsmaßnahmen kennen und umsetzen, die ihren Arbeitsplatz betreffen. Alle Mitarbeitenden MÜSSEN in die Lage versetzt werden, Sicherheit aktiv mitzugestalten. Daher SOLLTEN die Mitarbeitenden frühzeitig beteiligt werden, wenn Sicherheitsmaßnahmen zu planen oder organisatorische Regelungen zu gestalten sind. Bei der Einführung von Sicherheitsrichtlinien und Sicherheitswerkzeugen MÜSSEN die Mitarbeitenden ausreichend informiert sein, wie diese anzuwenden sind. Die Mitarbeitenden MÜSSEN darüber aufgeklärt werden, welche Konsequenzen eine Verletzung der Sicherheitsvorgaben haben kann. "
Welche Vertretungsregelungen müssen im Sicherheitsmanagement existieren?;Für alle wichtigen Funktionen der Organisation für Informationssicherheit muss es wirksame Vertretungsregelungen geben. Dies ist Teil der erforderlichen Organisationsstruktur für Informationssicherheit.;"ISMS.1.A6 Aufbau einer geeigneten Organisationsstruktur für Informationssicherheit (B) [Institutionsleitung]  
Eine geeignete übergreifende Organisationsstruktur für Informationssicherheit MUSS vorhanden sein. Dafür MÜSSEN Rollen definiert sein, die konkrete Aufgaben übernehmen, um die Sicherheitsziele zu erreichen. Außerdem MÜSSEN qualifizierte Personen benannt werden, denen ausreichend Ressourcen zur Verfügung stehen, um diese Rollen zu übernehmen. Die Aufgaben, Rollen, Verantwortungen und Kompetenzen im Sicherheitsmanagement MÜSSEN nachvollziehbar definiert und zugewiesen sein. Für alle wichtigen Funktionen der Organisation für Informationssicherheit MUSS es wirksame Vertretungsregelungen geben. Kommunikationswege MÜSSEN geplant, beschrieben, eingerichtet und bekannt gemacht werden. Es MUSS für alle Aufgaben und Rollen festgelegt sein, wer wen informiert und wer bei welchen Aktionen 
in welchem Umfang informiert werden muss. Es MUSS regelmäßig geprüft werden, ob die Organisationsstruktur für Informationssicherheit noch angemessen ist oder ob sie an neue Rahmenbedingungen angepasst werden muss."
Was sollten Management-Berichte zur Informationssicherheit enthalten?;Management-Berichte sollten wesentliche Informationen über den Sicherheitsprozess enthalten, insbesondere über Probleme, Erfolge und Verbesserungsmöglichkeiten. Sie sollten klar priorisierte Maßnahmenvorschläge mit realistischen Abschätzungen zum Umsetzungsaufwand enthalten und revisionssicher archiviert werden.;"ISMS.1.A12 Management-Berichte zur Informationssicherheit (S) [Institutionsleitung]  
Die Institutionsleitung SOLLTE sich regelmäßig über den Stand der Informationssicherheit informieren, insbesondere über die aktuelle Gefährdungslage sowie die Wirksamkeit und Effizienz des Sicherheitsprozesses. Dazu SOLLTEN Management-Berichte geschrieben werden, welche die wesentlichen relevanten Informationen über den Sicherheitsprozess enthalten, insbesondere über Probleme, Erfolge und Verbesserungsmöglichkeiten. Die Management-Berichte SOLLTEN klar priorisierte Maßnahmenvorschläge enthalten. Die Maßnahmenvorschläge SOLLTEN mit realistischen Abschätzungen zum erwarteten Umsetzungsaufwand versehen sein. Die Management-Berichte SOLLTEN revisionssicher archiviert werden. Die Management-Entscheidungen über erforderliche Aktionen, den Umgang mit Restrisiken und mit 
Veränderungen von sicherheitsrelevanten Prozessen SOLLTEN dokumentiert sein. Die Management-Entscheidungen SOLLTEN revisionssicher archiviert werden."
Welche Risiken entstehen durch fehlende Aktualisierung im Sicherheitsprozess?;Neue Geschäftsprozesse, Anwendungen, IT-Systeme und Bedrohungen beeinflussen permanent den Status der Informationssicherheit. Ohne effektives Revisionskonzept verringert sich das Sicherheitsniveau, und aus realer Sicherheit wird schleichend eine gefährliche Scheinsicherheit.;"ISMS.1 Gefährdungslage Kap 2.6
2.6. Fehlende Aktualisierung im Sicherheitsprozess Neue Geschäftsprozesse, Anwendungen und IT-Systeme sowie neue Bedrohungen beeinflussen permanent den Status der Informationssicherheit innerhalb einer Institution. Fehlt ein effektives Revisionskonzept, das auch das Bewusstsein für neue Bedrohungen stärkt, verringert sich das Sicherheitsniveau. Aus der realen Sicherheit wird dann schleichend eine gefährliche Scheinsicherheit. "
Wie fange ich überhaupt an? Was sind die ersten Schritte beim Aufbau eines ISMS?;Der Einstieg beginnt bei der Institutionsleitung: Diese muss die Gesamtverantwortung übernehmen, Sicherheitsziele und eine Strategie festlegen sowie eine Leitlinie zur Informationssicherheit verabschieden. Parallel dazu muss eine geeignete Organisationsstruktur aufgebaut werden mit klaren Rollen und Zuständigkeiten. Erst danach folgt die Erstellung eines Sicherheitskonzepts für den definierten Informationsverbund.;"ISMS.1.A1 Übernahme der Gesamtverantwortung für Informationssicherheit  durch die Leitung (B) [Institutionsleitung]  
Die Institutionsleitung MUSS die Gesamtverantwortung für Informationssicherheit in der Institution übernehmen. Dies MUSS für alle Beteiligten deutlich erkennbar sein. Die Institutionsleitung MUSS den Sicherheitsprozess initiieren, steuern und kontrollieren. Die Institutionsleitung MUSS Informationssicherheit vorleben. Die Institutionsleitung MUSS die Zuständigkeiten für Informationssicherheit festlegen. Die zuständigen Mitarbeitenden MÜSSEN mit den erforderlichen Kompetenzen und Ressourcen ausgestattet werden. Die Institutionsleitung MUSS sich regelmäßig über den Status der Informationssicherheit informieren lassen. Insbesondere MUSS sich die Institutionsleitung über mögliche Risiken und Konsequenzen aufgrund fehlender Sicherheitsmaßnahmen informieren lassen.

ISMS.1.A2 Festlegung der Sicherheitsziele und -strategie (B) [Institutionsleitung]  
Die Institutionsleitung MUSS den Sicherheitsprozess initiieren und etablieren. Dafür MUSS die Institutionsleitung angemessene Sicherheitsziele sowie eine Strategie für Informationssicherheit festlegen und dokumentieren. Es MÜSSEN konzeptionelle Vorgaben erarbeitet und  organisatorische Rahmenbedingungen geschaffen werden, um den ordnungsgemäßen und sicheren Umgang mit Informationen innerhalb aller Geschäftsprozesse des Unternehmens oder Fachaufgaben der Behörde zu ermöglichen. Die Institutionsleitung MUSS die Sicherheitsstrategie und die Sicherheitsziele tragen und verantworten. Die Institutionsleitung MUSS die Sicherheitsziele und die Sicherheitsstrategie regelmäßig dahingehend überprüfen, ob sie noch aktuell und angemessen sind und wirksam umgesetzt werden können. 

ISMS.1.A3 Erstellung einer Leitlinie zur Informationssicherheit (B) [Institutionsleitung]  
Die Institutionsleitung MUSS eine übergeordnete Leitlinie zur Informationssicherheit verabschieden. Diese MUSS den Stellenwert der Informationssicherheit, die Sicherheitsziele, die wichtigsten Aspekte der Sicherheitsstrategie sowie die Organisationsstruktur für Informationssicherheit beschreiben. Für die Sicherheitsleitlinie MUSS ein klarer Geltungsbereich festgelegt sein. In der Leitlinie zur Informationssicherheit MÜSSEN die Sicherheitsziele und der Bezug der Sicherheitsziele zu den Geschäftszielen und Aufgaben der Institution erläutert werden. Die Institutionsleitung MUSS die Leitlinie zur Informationssicherheit allen Mitarbeitenden und sonstigen Mitgliedern der Institution bekannt geben. Die Leitlinie zur Informationssicherheit SOLLTE regelmäßig aktualisiert werden.

ISMS.1.A6 Aufbau einer geeigneten Organisationsstruktur für Informationssicherheit (B) [Institutionsleitung]  
Eine geeignete übergreifende Organisationsstruktur für Informationssicherheit MUSS vorhanden sein. Dafür MÜSSEN Rollen definiert sein, die konkrete Aufgaben übernehmen, um die Sicherheitsziele zu erreichen. Außerdem MÜSSEN qualifizierte Personen benannt werden, denen ausreichend Ressourcen zur Verfügung stehen, um diese Rollen zu übernehmen. Die Aufgaben, Rollen, Verantwortungen und Kompetenzen im Sicherheitsmanagement MÜSSEN nachvollziehbar definiert und zugewiesen sein. Für alle wichtigen Funktionen der Organisation für Informationssicherheit MUSS es wirksame Vertretungsregelungen geben. Kommunikationswege MÜSSEN geplant, beschrieben, eingerichtet und bekannt gemacht werden. Es MUSS für alle Aufgaben und Rollen festgelegt sein, wer wen informiert und wer bei welchen Aktionen 
in welchem Umfang informiert werden muss. Es MUSS regelmäßig geprüft werden, ob die Organisationsstruktur für Informationssicherheit noch angemessen ist oder ob sie an neue Rahmenbedingungen angepasst werden muss. 

ISMS.1.A10 Erstellung eines Sicherheitskonzepts (S) 
Für den festgelegten Geltungsbereich (Informationsverbund) SOLLTE ein angemessenes Sicherheitskonzept als das zentrale Dokument im Sicherheitsprozess erstellt werden. Es SOLLTE entschieden werden, ob das Sicherheitskonzept aus einem oder aus mehreren Teilkonzepten bestehen soll, die sukzessive erstellt werden, um zunächst in ausgewählten Bereichen das erforderliche Sicherheitsniveau herzustellen. Im Sicherheitskonzept MÜSSEN aus den Sicherheitszielen der Institution, dem identifizierten Schutzbedarf und der Risikobewertung konkrete Sicherheitsmaßnahmen passend zum betrachteten Informationsverbund abgeleitet werden. Sicherheitsprozess und Sicherheitskonzept MÜSSEN die individuell geltenden Vorschriften und Regelungen berücksichtigen. Die im Sicherheitskonzept vorgesehenen Maßnahmen MÜSSEN zeitnah in die Praxis umgesetzt 
werden. Dies MUSS geplant und die Umsetzung MUSS kontrolliert werden. "
Welche Ressourcen und Kompetenzen brauche ich als ISB, um meine Aufgabe erfüllen zu können?;Die Institutionsleitung muss den ISB mit angemessenen Ressourcen ausstatten. Der ISB muss die Möglichkeit haben, bei Bedarf direkt an die Institutionsleitung zu berichten und muss bei allen größeren Projekten sowie bei der Einführung neuer Anwendungen und IT-Systeme frühzeitig beteiligt werden. Dies sichert die notwendige Einbindung in sicherheitsrelevante Entscheidungen.;"ISMS.1.A4 Benennung eines oder einer Informationssicherheitsbeauftragten (B) [Institutionsleitung]  
Die Institutionsleitung MUSS einen oder eine ISB benennen. Der oder die ISB MUSS die Informationssicherheit in der Institution fördern und den Sicherheitsprozess mitsteuern und koordinieren. Die Institutionsleitung MUSS den oder die ISB mit angemessenen Ressourcen ausstatten. Die Institutionsleitung MUSS dem oder der ISB die Möglichkeit einräumen, bei Bedarf direkt an sie selbst zu berichten. Der oder die ISB MUSS bei allen größeren Projekten sowie bei der Einführung neuer Anwendungen und IT-Systeme frühzeitig beteiligt werden. 

ISMS.1.A9 Integration der Informationssicherheit in organisationsweite Abläufe und Prozesse (B) [Institutionsleitung]  
Informationssicherheit MUSS in alle Geschäftsprozesse sowie Fachaufgaben integriert werden. Es MUSS dabei gewährleistet sein, dass nicht nur bei neuen Prozessen und Projekten, sondern auch bei laufenden Aktivitäten alle erforderlichen Sicherheitsaspekte berücksichtigt werden. Der oder die Informationssicherheitsbeauftragte (ISB) MUSS an sicherheitsrelevanten Entscheidungen ausreichend beteiligt werden. Informationssicherheit SOLLTE außerdem mit anderen Bereichen in der Institution, die sich mit Sicherheit und Risikomanagement beschäftigen, abgestimmt werden. "
Wie bringe ich die Mitarbeitenden dazu, Sicherheitsmaßnahmen auch wirklich umzusetzen?;Alle Mitarbeitenden müssen aktiv in den Sicherheitsprozess integriert werden. Sie müssen über Hintergründe und Gefährdungen informiert werden und sollten frühzeitig bei der Planung von Maßnahmen beteiligt werden. Bei der Einführung von Sicherheitsrichtlinien müssen sie ausreichend informiert werden, wie diese anzuwenden sind, und über mögliche Konsequenzen bei Verstößen aufgeklärt werden. Wichtig: Die Institutionsleitung muss Informationssicherheit vorleben.;"ISMS.1.A8 Integration der Mitarbeitenden in den Sicherheitsprozess (B) [Vorgesetzte]  
Alle Mitarbeitenden MÜSSEN in den Sicherheitsprozess integriert sein. Hierfür MÜSSEN sie über Hintergründe und die für sie relevanten Gefährdungen informiert sein. Sie MÜSSEN Sicherheitsmaßnahmen kennen und umsetzen, die ihren Arbeitsplatz betreffen. Alle Mitarbeitenden MÜSSEN in die Lage versetzt werden, Sicherheit aktiv mitzugestalten. Daher SOLLTEN die Mitarbeitenden frühzeitig beteiligt werden, wenn Sicherheitsmaßnahmen zu planen oder organisatorische Regelungen zu gestalten sind. Bei der Einführung von Sicherheitsrichtlinien und Sicherheitswerkzeugen MÜSSEN die Mitarbeitenden ausreichend informiert sein, wie diese anzuwenden sind. Die Mitarbeitenden MÜSSEN darüber aufgeklärt werden, welche Konsequenzen eine Verletzung der Sicherheitsvorgaben haben kann. 

ISMS.1.A1 Übernahme der Gesamtverantwortung für Informationssicherheit durch die Leitung (B) [Institutionsleitung]  
Die Institutionsleitung MUSS die Gesamtverantwortung für Informationssicherheit in der Institution übernehmen. Dies MUSS für alle Beteiligten deutlich erkennbar sein. Die Institutionsleitung MUSS den Sicherheitsprozess initiieren, steuern und kontrollieren. Die Institutionsleitung MUSS Informationssicherheit vorleben. Die Institutionsleitung MUSS die Zuständigkeiten für Informationssicherheit festlegen. Die zuständigen Mitarbeitenden MÜSSEN mit den erforderlichen Kompetenzen und Ressourcen ausgestattet werden. Die Institutionsleitung MUSS sich regelmäßig über den Status der Informationssicherheit informieren lassen. Insbesondere MUSS sich die Institutionsleitung über mögliche Risiken und Konsequenzen aufgrund fehlender Sicherheitsmaßnahmen informieren lassen. "
Wie dokumentiere ich Management-Entscheidungen zu Restrisiken revisionssicher und was muss dabei beachtet werden?;Management-Berichte sollten klar priorisierte Maßnahmenvorschläge mit realistischen Abschätzungen zum Umsetzungsaufwand enthalten und revisionssicher archiviert werden. Die Management-Entscheidungen über erforderliche Aktionen, den Umgang mit Restrisiken und mit Veränderungen von sicherheitsrelevanten Prozessen müssen dokumentiert und ebenfalls revisionssicher archiviert werden. Für die Dokumentation sollte eine geregelte Vorgehensweise existieren, die Aktualität und Vertraulichkeit wahrt.;"ISMS.1.A13 Dokumentation des Sicherheitsprozesses (S) 
Der Ablauf des Sicherheitsprozesses SOLLTE dokumentiert werden. Wichtige Entscheidungen und die Arbeitsergebnisse der einzelnen Phasen wie Sicherheitskonzept, Richtlinien oder Untersuchungsergebnisse von Sicherheitsvorfällen SOLLTEN ausreichend dokumentiert werden. 
Es SOLLTE eine geregelte Vorgehensweise für die Erstellung und Archivierung von Dokumentationen im Rahmen des Sicherheitsprozesses geben. Regelungen SOLLTEN existieren, um die Aktualität und vertraulichkeit der Dokumentationen zu wahren. Von den vorhandenen dokumenten SOLLTE die jeweils aktuelle Version kurzfristig zugänglich sein. Außerdem SOLLTEN alle Vorgängerversionen zentral archiviert werden. 

ISMS.1.A12 Management-Berichte zur Informationssicherheit (S) [Institutionsleitung]  
Die Institutionsleitung SOLLTE sich regelmäßig über den Stand der Informationssicherheit informieren, insbesondere über die aktuelle Gefährdungslage sowie die Wirksamkeit und Effizienz des Sicherheitsprozesses. Dazu SOLLTEN Management-Berichte geschrieben werden, welche die wesentlichen relevanten Informationen über den Sicherheitsprozess enthalten, insbesondere über Probleme, Erfolge und Verbesserungsmöglichkeiten. Die Management-Berichte SOLLTEN klar priorisierte Maßnahmenvorschläge enthalten. Die Maßnahmenvorschläge SOLLTEN mit realistischen Abschätzungen zum erwarteten Umsetzungsaufwand versehen sein. Die Management-Berichte SOLLTEN revisionssicher archiviert werden. Die Management-Entscheidungen über erforderliche Aktionen, den Umgang mit Restrisiken und mit 
Veränderungen von sicherheitsrelevanten Prozessen SOLLTEN dokumentiert sein. Die Management-Entscheidungen SOLLTEN revisionssicher archiviert werden. "
Welche Anforderungen gelten bei erhöhtem Schutzbedarf zusätzlich zum Standard-Niveau?;Bei erhöhtem Schutzbedarf sollten über den Stand der Technik hinausgehende Maßnahmen in Betracht gezogen werden. Der Baustein empfiehlt die Erstellung von zielgruppengerechten Sicherheitsrichtlinien, die bedarfsgerecht relevante Sicherheitsthemen für spezifische  Zielgruppen abbilden. Außerdem sollte geprüft werden, ob für Restrisiken Versicherungen abgeschlossen werden können, und bestehende Versicherungen sollten regelmäßig auf Aktualität überprüft werden. Die konkrete Festlegung erfolgt im Rahmen einer individuellen  Risikoanalyse.;"3.3. Anforderungen bei erhöhtem Schutzbedarf 
Im Folgenden sind für diesen Baustein exemplarische Vorschläge für Anforderungen aufgeführt, die über dasjenige Schutzniveau hinausgehen, das dem Stand der Technik entspricht. Die Vorschläge SOLLTEN bei erhöhtem Schutzbedarf in Betracht gezogen werden. Die konkrete Festlegung erfolgt im Rahmen einer individuellen Risikoanalyse. 

ISMS.1.A16 Erstellung von zielgruppengerechten Sicherheitsrichtlinien (H) 
Neben den allgemeinen SOLLTE es auch zielgruppenorientierte Sicherheitsrichtlinien geben, die jeweils bedarfsgerecht die relevanten Sicherheitsthemen abbilden. 

ISMS.1.A17 Abschließen von Versicherungen (H) 
Es SOLLTE geprüft werden, ob für Restrisiken Versicherungen abgeschlossen werden können. Es SOLLTE regelmäßig überprüft werden, ob die bestehenden Versicherungen der aktuellen Lage entsprechen. "
